first_name|last_name|status|date_of_join|date_of_birth|email
Dulcy|Beckingham|true|01-02-2022|14-09-1961|dbeckingham0@mac.com
Jennie|Towse|false|03-10-2021|22-12-1971|jtowse1@irs.gov
Winthrop|Tomes|false|20-01-2021|07-03-1989|wtomes2@google.nl
Guy|Fowden|false|01-08-2021|09-07-1994|gfowden3@goo.ne.jp
Trixie|Thewys|true|03-08-2021|26-01-1979|tthewys4@wisc.edu
Gwenny|Spoure|false|24-07-2020|31-07-1965|gspoure5@nationalgeographic.com
Leonerd|Randall|false|24-03-2021|19-05-1968|lrandall6@booking.com
Miles|Malenoir|false|24-01-2021|04-09-1996|mmalenoir7@storify.com
Blinni|Profit|false|30-01-2022|27-11-1975|bprofit8@nhs.uk
Justinn|Devennie|false|02-03-2021|28-05-1962|jdevennie9@artisteer.com
Delmar|Beggs|true|28-12-2020|15-10-1983|dbeggsa@webeden.co.uk
Lori|Westfalen|false|24-02-2022|06-01-1965|lwestfalenb@feedburner.com
Antin|McKyrrelly|true|24-04-2021|21-05-1992|amckyrrellyc@comsenz.com
Jayne|Castaner|true|29-05-2021|03-08-1997|jcastanerd@qq.com
Siana|Edeson|false|15-12-2021|08-08-1981|sedesone@example.com
Hollis|Dewerson|false|24-04-2021|19-01-1968|hdewersonf@php.net
Earvin|Kunert|true|08-12-2021|22-05-1978|ekunertg@blinklist.com
Lion|Borghese|true|31-12-2020|10-04-1983|lborgheseh@sogou.com
Ardeen|Deeney|true|22-10-2021|24-07-1982|adeeneyi@technorati.com
Garner|Danielkiewicz|true|12-02-2021|21-01-1998|gdanielkiewiczj@cocolog-nifty.com
Nat|Farny|false|23-01-2022|01-07-1975|nfarnyk@cdc.gov
Caron|Hewkin|false|04-02-2021|24-02-1970|chewkinl@odnoklassniki.ru
Rubia|Roycroft|false|11-09-2020|17-11-1973|rroycroftm@xinhuanet.com
Lawrence|McMurraya|false|17-08-2020|12-06-1964|lmcmurrayan@bing.com
Eve|Koop|true|21-11-2021|26-06-1974|ekoopo@samsung.com
Barret|Grubey|false|07-12-2020|26-11-1984|bgrubeyp@redcross.org
Jolyn|Melson|false|23-02-2021|05-07-1980|jmelsonq@mysql.com
Ab|Decort|false|18-08-2020|25-09-1995|adecortr@irs.gov
Andriette|Rodgman|false|04-07-2021|28-02-1975|arodgmans@nasa.gov
Christy|Edwardson|false|14-10-2021|22-05-1969|cedwardsont@mashable.com
Bartlet|Falkus|true|13-12-2020|17-02-1988|bfalkusu@eventbrite.com
Hyacinthia|Lowre|true|10-06-2021|10-10-1969|hlowrev@thetimes.co.uk
Barbette|Lundon|true|14-01-2022|17-02-1966|blundonw@washington.edu
Catriona|Standidge|true|04-07-2021|17-12-1976|cstandidgex@dyndns.org
Leontine|Bensusan|false|15-02-2022|20-06-1991|lbensusany@gmpg.org
Tamma|Walling|false|23-07-2020|10-10-1988|twallingz@redcross.org
Mehetabel|Valentelli|false|22-09-2020|13-10-1975|mvalentelli10@zimbio.com
Deena|Ponnsett|true|31-08-2021|21-11-1960|dponnsett11@nps.gov
Sigismundo|Maken|true|23-01-2022|17-10-1985|smaken12@forbes.com
Celesta|Mainson|true|12-06-2021|01-03-1975|cmainson13@wikimedia.org
Billie|Ingyon|true|10-01-2021|23-10-1992|bingyon14@ted.com
Leola|Breakwell|true|04-10-2020|24-02-1978|lbreakwell15@craigslist.org
Binnie|Goncalo|true|25-03-2021|11-02-1969|bgoncalo16@chron.com
Colan|Besant|true|09-06-2021|06-08-1981|cbesant17@nifty.com
Alane|Bounds|false|28-02-2021|07-07-1977|abounds18@merriam-webster.com
Jori|Asche|true|06-03-2021|23-04-1974|jasche19@irs.gov
Consolata|Jansson|false|03-03-2021|10-05-1975|cjansson1a@live.com
Rip|Alsop|true|25-07-2020|11-02-1975|ralsop1b@zdnet.com
Sid|Kingsnorth|false|10-03-2021|20-05-1983|skingsnorth1c@google.es
Oralia|Oldknowe|false|21-11-2021|18-08-1967|ooldknowe1d@skype.com
Mellisent|Lent|false|18-09-2021|21-03-1991|mlent1e@miibeian.gov.cn
Mattie|Grzegorzewicz|true|02-03-2021|09-10-1982|mgrzegorzewicz1f@bloomberg.com
Nerty|Wilshin|true|29-09-2020|03-05-1989|nwilshin1g@youtube.com
Nanon|Lyford|true|25-12-2020|30-06-1962|nlyford1h@dailymotion.com
Nicola|McCuis|false|30-03-2021|08-12-1986|nmccuis1i@barnesandnoble.com
Archambault|Scotchmer|false|13-02-2022|15-09-1967|ascotchmer1j@wp.com
Oliver|Debold|true|10-12-2020|23-09-1975|odebold1k@deliciousdays.com
Ashby|Payze|true|20-01-2022|11-08-1987|apayze1l@drupal.org
Leon|Cornford|false|20-10-2020|11-08-1977|lcornford1m@independent.co.uk
Helga|Braam|false|25-04-2021|09-01-1965|hbraam1n@sciencedaily.com
Steven|Dupoy|false|08-03-2021|13-11-1984|sdupoy1o@virginia.edu
Sean|Friedank|false|25-01-2021|10-07-1995|sfriedank1p@i2i.jp
Berri|Bentall|false|18-05-2021|31-05-1984|bbentall1q@odnoklassniki.ru
Giuditta|Wards|false|24-06-2020|10-12-1994|gwards1r@youtu.be
Eldin|Tunnicliffe|false|07-08-2020|25-06-1996|etunnicliffe1s@mail.ru
Fred|Rickard|true|21-10-2021|20-01-1968|frickard1t@github.io
Pier|Buttrick|false|23-10-2020|30-10-1998|pbuttrick1u@ucla.edu
Hillery|Pfeffle|true|04-01-2022|23-02-1963|hpfeffle1v@pagesperso-orange.fr
Cristine|Giabucci|false|22-06-2020|16-03-1962|cgiabucci1w@usda.gov
Gabie|Lillford|false|22-10-2021|11-06-1993|glillford1x@tripadvisor.com
Sibel|Decroix|false|01-10-2021|09-05-1977|sdecroix1y@theglobeandmail.com
Ardelis|Friend|true|07-05-2021|19-03-1963|afriend1z@paginegialle.it
Dougy|Neat|true|29-07-2020|14-09-1998|dneat20@upenn.edu
Niles|Dunkerton|true|15-08-2020|13-11-1978|ndunkerton21@symantec.com
Thurston|Bussy|false|11-04-2021|21-04-1965|tbussy22@furl.net
Taber|Mora|false|08-02-2021|24-07-1962|tmora23@instagram.com
Kakalina|Yerrington|false|19-10-2021|10-09-1970|kyerrington24@privacy.gov.au
Lauren|Avesque|false|24-10-2020|06-01-1970|lavesque25@wsj.com
Tania|Shotboulte|false|09-06-2020|19-02-1998|tshotboulte26@reddit.com
Dilan|Urey|true|05-09-2021|28-04-1971|durey27@psu.edu
Veronike|Beine|true|07-08-2020|23-12-1970|vbeine28@who.int
Gusta|Salmoni|false|26-02-2021|23-09-1963|gsalmoni29@deliciousdays.com
Brice|Lumly|true|25-04-2021|11-11-1985|blumly2a@bing.com
Beryl|Mynett|false|10-07-2021|18-10-1998|bmynett2b@studiopress.com
Madelina|Rosentholer|true|05-10-2021|04-03-1972|mrosentholer2c@spiegel.de
Keith|Paylie|false|05-12-2020|27-05-1972|kpaylie2d@facebook.com
Nick|Benmore|true|10-10-2020|17-02-1974|nbenmore2e@rambler.ru
Sheri|Bercher|false|27-08-2020|12-05-1995|sbercher2f@parallels.com
Barthel|Sherman|false|15-11-2021|20-08-1974|bsherman2g@gizmodo.com
Averyl|Jurn|true|14-11-2020|27-12-1997|ajurn2h@desdev.cn
Jolyn|Pierton|true|28-07-2020|17-08-1970|jpierton2i@toplist.cz
Simona|Bunworth|false|19-01-2021|06-03-1987|sbunworth2j@about.com
Erik|Birkett|false|31-08-2021|03-04-1996|ebirkett2k@foxnews.com
Jerrylee|Gemmell|true|05-08-2020|17-12-1988|jgemmell2l@seesaa.net
Siegfried|Spragge|false|29-08-2020|12-03-1963|sspragge2m@issuu.com
Mikkel|Birtchnell|true|28-04-2021|21-01-1975|mbirtchnell2n@flavors.me
Stillmann|Gages|false|20-11-2020|01-01-1963|sgages2o@miitbeian.gov.cn
Britney|Bottell|false|06-01-2022|15-10-1975|bbottell2p@aol.com
Freddie|Albrook|false|28-06-2021|11-04-1973|falbrook2q@blogs.com
Benjie|Marrison|true|14-02-2022|01-11-1960|bmarrison2r@lycos.com
Lula|Jerdon|false|23-05-2021|29-04-1980|ljerdon2s@rambler.ru
Kaiser|La Rosa|true|16-01-2022|13-05-1973|klarosa2t@istockphoto.com
Rollins|Fosh|false|26-07-2020|26-07-1980|rfosh2u@odnoklassniki.ru
Mathias|Bangham|true|02-12-2020|05-11-1977|mbangham2v@wikia.com
Earle|Guiet|true|15-02-2021|06-12-1963|eguiet2w@a8.net
Deloria|Wheal|false|22-08-2020|22-02-1967|dwheal2x@bbc.co.uk
Jeremie|Chubb|false|22-06-2021|18-09-1981|jchubb2y@gizmodo.com
Chandal|Bernardo|false|03-12-2021|25-09-1980|cbernardo2z@weebly.com
Jennette|Aspey|false|16-02-2021|20-07-1985|jaspey30@bloglovin.com
Gabie|Bracco|false|15-12-2021|27-05-1996|gbracco31@phoca.cz
Davida|Szimoni|true|27-11-2020|30-05-1974|dszimoni32@nih.gov
Owen|Eisak|true|25-05-2021|16-01-1975|oeisak33@google.co.uk
Vita|Farfoot|false|04-08-2021|24-08-1976|vfarfoot34@ehow.com
Townie|Haddleston|true|29-12-2021|01-04-1998|thaddleston35@360.cn
Eadmund|Delamar|true|24-08-2020|15-11-1984|edelamar36@cornell.edu
Pandora|O'Dyvoie|true|14-01-2021|16-05-1981|podyvoie37@independent.co.uk
Kat|Tate|false|21-07-2020|11-07-1994|ktate38@ocn.ne.jp
Sonny|Sayward|false|18-10-2020|02-04-1999|ssayward39@studiopress.com
Gorden|Haxby|false|07-09-2021|09-02-1994|ghaxby3a@pinterest.com
Romain|Fanner|false|20-05-2021|24-11-1997|rfanner3b@google.com.br
Rebeca|Furminger|true|11-09-2021|04-10-1996|rfurminger3c@bloglovin.com
Cris|Stanaway|true|27-12-2020|23-10-1964|cstanaway3d@soup.io
Dotty|Willock|true|30-09-2021|31-12-1973|dwillock3e@nps.gov
Stefanie|Sibille|true|07-12-2020|08-07-1990|ssibille3f@shinystat.com
Suki|Medlicott|false|26-02-2021|27-07-1988|smedlicott3g@artisteer.com
Suzanna|Bleasby|true|22-11-2020|20-04-1965|sbleasby3h@guardian.co.uk
Karia|Baddow|false|25-01-2021|03-09-1980|kbaddow3i@youku.com
Hartwell|Korn|false|02-10-2021|05-07-1971|hkorn3j@apple.com
Wait|Ellson|false|23-10-2021|29-06-1984|wellson3k@alexa.com
Prue|Scougal|true|10-03-2021|18-10-1984|pscougal3l@parallels.com
Westbrook|Mullarkey|true|17-09-2020|04-02-1973|wmullarkey3m@csmonitor.com
Moyna|Philippou|true|19-05-2021|07-02-1969|mphilippou3n@addtoany.com
Husain|Treffrey|false|21-02-2022|12-04-1999|htreffrey3o@xrea.com
Daphna|Rubinlicht|true|29-12-2020|24-07-1992|drubinlicht3p@phpbb.com
Harlen|Gadeaux|false|12-09-2021|21-12-1997|hgadeaux3q@cbsnews.com
Barbe|Clericoates|false|23-03-2021|21-07-1997|bclericoates3r@usda.gov
Lanae|Trathen|false|26-12-2020|02-02-1980|ltrathen3s@cnn.com
Derrik|Lacky|false|21-08-2021|14-11-1980|dlacky3t@mtv.com
Casey|Peron|true|19-06-2020|24-06-1995|cperon3u@usnews.com
Devi|Lycett|false|13-01-2021|09-03-1990|dlycett3v@posterous.com
Vivyan|Lunny|false|07-03-2021|10-05-1963|vlunny3w@sourceforge.net
Sigismund|Lackmann|false|12-10-2021|21-03-1971|slackmann3x@ca.gov
Almire|Cribbott|false|04-03-2021|03-03-1996|acribbott3y@flavors.me
Josie|Fanshaw|false|13-04-2021|14-11-1977|jfanshaw3z@uiuc.edu
Charlean|Birtonshaw|true|01-03-2021|24-11-1986|cbirtonshaw40@google.it
Darn|Lisamore|false|07-03-2021|26-01-1999|dlisamore41@paginegialle.it
Melba|While|false|11-10-2020|01-09-1967|mwhile42@ca.gov
Dulciana|Barkas|true|17-10-2021|17-01-1998|dbarkas43@tmall.com
Yvonne|Walhedd|true|02-04-2021|23-04-1995|ywalhedd44@tamu.edu
Antonius|Shimman|true|14-09-2020|10-07-1980|ashimman45@amazon.co.uk
Anne|Kisby|true|16-07-2020|04-05-1984|akisby46@about.com
Dewitt|Cisec|true|17-12-2020|25-04-1971|dcisec47@theguardian.com
Tymon|Drayn|true|28-01-2022|04-01-1985|tdrayn48@cnet.com
Cindie|Groveham|true|13-02-2022|16-10-1965|cgroveham49@go.com
Kaila|Cressey|true|12-01-2022|22-03-1971|kcressey4a@zdnet.com
Harald|Goodband|false|16-02-2021|22-08-1966|hgoodband4b@ihg.com
Brent|Crewes|false|21-08-2020|07-01-1997|bcrewes4c@chron.com
Kristin|Ciccottini|true|17-08-2020|13-07-1996|kciccottini4d@symantec.com
Thadeus|Elderidge|false|02-10-2021|15-06-1966|telderidge4e@meetup.com
Clo|Emma|false|04-09-2021|25-06-1996|cemma4f@i2i.jp
Celestyna|McCahey|true|23-05-2021|24-03-1997|cmccahey4g@pcworld.com
Gaby|Figgins|false|24-12-2020|13-07-1987|gfiggins4h@gravatar.com
Suzette|Guage|true|01-10-2020|06-06-1988|sguage4i@vkontakte.ru
Lynde|Rodrigo|false|30-04-2021|26-05-1996|lrodrigo4j@hhs.gov
Justinn|Abrahmovici|false|14-02-2021|12-10-1966|jabrahmovici4k@webeden.co.uk
Ediva|Aiskovitch|false|10-04-2021|20-09-1991|eaiskovitch4l@java.com
Chaddy|Beaver|true|25-05-2021|29-09-1968|cbeaver4m@phpbb.com
Briana|Bucklan|true|31-07-2020|09-08-1993|bbucklan4n@symantec.com
Gabbie|Gladeche|true|04-10-2020|06-08-1995|ggladeche4o@zimbio.com
Guthrey|Wais|false|21-02-2022|09-02-1975|gwais4p@auda.org.au
Datha|Mion|false|10-08-2020|30-06-1997|dmion4q@mediafire.com
Talia|Wordley|true|02-05-2021|01-12-1996|twordley4r@webeden.co.uk
Chucho|Broxup|false|23-07-2020|09-07-1963|cbroxup4s@wp.com
Redd|Tommasuzzi|true|30-06-2020|19-02-1977|rtommasuzzi4t@over-blog.com
Johnette|Rains|true|01-11-2021|06-10-1969|jrains4u@fotki.com
Yancy|Kingsbury|false|25-11-2020|10-02-1964|ykingsbury4v@ovh.net
Rees|Meysham|false|25-06-2020|01-05-1988|rmeysham4w@topsy.com
Tierney|Frowde|true|14-12-2020|22-01-1977|tfrowde4x@tiny.cc
Raynard|Rayworth|true|02-01-2021|15-07-1985|rrayworth4y@flickr.com
Lyndel|Joder|true|06-01-2022|29-05-1991|ljoder4z@tripadvisor.com
Bab|McCaughey|false|28-12-2021|18-03-1977|bmccaughey50@springer.com
Debra|Seydlitz|true|12-06-2020|04-02-1982|dseydlitz51@state.gov
Sauveur|Aronson|false|01-09-2021|28-08-1995|saronson52@moonfruit.com
Claudian|Melsome|true|01-12-2021|29-05-1966|cmelsome53@jugem.jp
Tremain|Ambrozewicz|true|12-10-2020|29-05-1968|tambrozewicz54@china.com.cn
Rina|Brundill|true|14-06-2021|28-01-1979|rbrundill55@statcounter.com
Maggi|Brando|false|27-03-2021|22-01-1977|mbrando56@google.fr
Whit|Sprigg|false|18-09-2020|23-06-1973|wsprigg57@sfgate.com
Shara|Bayston|false|27-01-2022|04-09-1997|sbayston58@fastcompany.com
Dalenna|Readwin|false|08-02-2021|27-12-1971|dreadwin59@cnet.com
Thomas|Gresser|true|23-11-2021|24-02-1962|tgresser5a@shop-pro.jp
Melonie|Olner|false|08-10-2021|17-03-1966|molner5b@nyu.edu
Bearnard|Lorenzin|false|02-04-2021|16-02-1987|blorenzin5c@yelp.com
Tamiko|Cullingford|true|23-02-2022|17-06-1984|tcullingford5d@disqus.com
Aharon|Sherrocks|true|11-06-2020|26-02-1971|asherrocks5e@friendfeed.com
Hugibert|Moth|false|14-02-2022|08-05-1976|hmoth5f@blogs.com
Petr|Jaquet|true|10-02-2021|21-07-1976|pjaquet5g@loc.gov
Jojo|Christophers|true|27-12-2021|16-01-1979|jchristophers5h@cbc.ca
Morrie|Jain|true|19-01-2021|12-02-1978|mjain5i@forbes.com
Thoma|Letixier|true|11-08-2020|29-11-1987|tletixier5j@lulu.com
Delcina|Kennefick|true|15-06-2020|14-08-1993|dkennefick5k@noaa.gov
Earvin|McCloughlin|true|17-12-2021|17-07-1997|emccloughlin5l@mapquest.com
Peri|Swatheridge|false|01-11-2020|30-07-1988|pswatheridge5m@multiply.com
Selie|Tessyman|false|06-04-2021|10-06-1984|stessyman5n@devhub.com
Dagny|Georg|false|01-05-2021|17-11-1983|dgeorg5o@clickbank.net
Forster|Pentecost|false|24-08-2020|17-11-1963|fpentecost5p@craigslist.org
Sallyann|Parell|false|05-03-2022|01-10-1972|sparell5q@about.me
Sherill|Igglesden|false|04-09-2020|24-06-1994|sigglesden5r@bloomberg.com
Andie|Eacle|false|23-08-2021|08-12-1997|aeacle5s@clickbank.net
Daffy|Langthorne|false|06-05-2021|31-01-1964|dlangthorne5t@taobao.com
Skyler|Ambrosio|false|08-11-2020|04-09-1990|sambrosio5u@chron.com
Marco|Mouat|false|18-09-2021|25-09-1960|mmouat5v@goo.gl
Gualterio|Morde|false|16-10-2020|19-08-1965|gmorde5w@photobucket.com
Laurent|Need|true|30-08-2020|15-09-1972|lneed5x@ifeng.com
Aloysius|Rembrandt|true|06-02-2021|20-07-1990|arembrandt5y@upenn.edu
Hagen|Chastelain|true|22-09-2020|10-04-1985|hchastelain5z@timesonline.co.uk
Astrid|Cavan|false|09-09-2021|03-08-1967|acavan60@bloglines.com
Pepillo|Suthworth|true|02-08-2020|03-06-1986|psuthworth61@businesswire.com
Frayda|Goosey|true|24-07-2021|15-02-1963|fgoosey62@wikipedia.org
Fletch|O'Tuohy|true|03-12-2020|09-09-1967|fotuohy63@behance.net
Shari|Trahar|false|23-09-2021|03-01-1973|strahar64@sphinn.com
Harrison|Garric|true|05-01-2022|18-02-1962|hgarric65@uiuc.edu
Cory|Neal|false|28-01-2022|11-01-1994|cneal66@wordpress.org
Renee|Peasegod|false|13-01-2022|01-12-1996|rpeasegod67@psu.edu
Jemmy|Newcomb|true|20-12-2021|01-03-1962|jnewcomb68@imdb.com
Skipton|Pickton|false|30-01-2022|08-07-1979|spickton69@typepad.com
Wynny|Ripping|true|10-11-2021|18-12-1999|wripping6a@umn.edu
Avictor|Burtt|false|12-11-2021|17-07-1977|aburtt6b@i2i.jp
Julienne|Housam|true|17-10-2021|13-10-1985|jhousam6c@angelfire.com
Dillon|Garrand|false|22-12-2020|08-11-1962|dgarrand6d@vk.com
Fanchon|Nibloe|true|08-04-2021|25-03-1981|fnibloe6e@furl.net
Koren|Ivakhno|false|09-03-2021|11-08-1969|kivakhno6f@google.pl
Aindrea|Mansford|true|28-03-2021|25-12-1992|amansford6g@noaa.gov
Rubin|Rehn|false|12-07-2020|14-01-1991|rrehn6h@gravatar.com
Danila|Noni|true|08-10-2020|03-04-1988|dnoni6i@arstechnica.com
Otho|Stopher|false|04-12-2021|04-05-1994|ostopher6j@trellian.com
Merrie|Barday|true|01-06-2021|14-05-1967|mbarday6k@slate.com
Shane|Fairclough|true|23-09-2020|24-02-1986|sfairclough6l@mit.edu
Neron|Rand|false|21-11-2021|14-05-1989|nrand6m@last.fm
Janaya|Beet|true|28-06-2020|05-12-1995|jbeet6n@fastcompany.com
Ephrem|Kuhnke|true|04-07-2020|04-12-1994|ekuhnke6o@nbcnews.com
Nedda|Sandison|false|09-01-2022|08-03-1969|nsandison6p@berkeley.edu
Shaylah|Blaisdale|true|18-08-2020|29-07-1972|sblaisdale6q@free.fr
Kiersten|Frayn|true|12-12-2020|30-10-1979|kfrayn6r@ameblo.jp
Dorelle|Pittwood|true|30-08-2020|19-05-1975|dpittwood6s@google.co.jp
Heath|Shepperd|false|31-07-2021|31-01-1964|hshepperd6t@nasa.gov
Arnuad|Osborne|false|22-04-2021|07-09-1996|aosborne6u@cbsnews.com
Mahala|Curragh|false|31-08-2020|13-06-1984|mcurragh6v@cyberchimps.com
Rayna|Perren|false|15-02-2022|09-07-1961|rperren6w@npr.org
Jamal|Downton|true|21-02-2022|31-01-1985|jdownton6x@baidu.com
Kipp|Mellody|false|18-11-2020|22-11-1967|kmellody6y@unc.edu
Marybeth|Berthe|false|20-12-2021|01-06-1996|mberthe6z@mayoclinic.com
Osbourn|Pucknell|true|06-09-2021|08-09-1965|opucknell70@goo.gl
Remus|Penddreth|true|07-03-2021|06-05-1968|rpenddreth71@deviantart.com
Gertrudis|Antonich|false|07-10-2020|18-11-1976|gantonich72@dyndns.org
Chandal|Strickler|false|27-06-2020|25-06-1999|cstrickler73@biglobe.ne.jp
Forrest|Puden|false|09-08-2020|10-07-1966|fpuden74@slate.com
Darcie|Pilbury|false|18-09-2020|04-09-1971|dpilbury75@prnewswire.com
Rriocard|Filipic|false|17-12-2021|21-12-1987|rfilipic76@nifty.com
Howey|Skoggins|true|13-04-2021|04-12-1992|hskoggins77@ovh.net
Silvie|Stoate|false|08-04-2021|15-03-1982|sstoate78@ucoz.ru
Frans|Drillot|false|31-10-2021|10-12-1996|fdrillot79@webeden.co.uk
Pat|Thoms|true|23-04-2021|15-02-1977|pthoms7a@feedburner.com
Norbie|Bevir|true|22-01-2021|23-03-1991|nbevir7b@amazon.com
Conrado|Blow|false|27-10-2020|03-03-1966|cblow7c@bizjournals.com
Trixi|Le Barr|false|04-11-2020|23-06-1997|tlebarr7d@fema.gov
Ardisj|Huet|true|19-02-2022|30-03-1983|ahuet7e@pbs.org
Berti|Noke|false|18-05-2021|14-11-1995|bnoke7f@yahoo.com
Mavis|Riseam|true|19-11-2021|26-12-1969|mriseam7g@youtube.com
Bailey|Mintoff|false|04-08-2021|09-09-1999|bmintoff7h@taobao.com
Fayina|Jedrysik|false|29-05-2021|22-08-1971|fjedrysik7i@huffingtonpost.com
Martita|Crinion|true|11-12-2021|20-05-1997|mcrinion7j@sciencedaily.com
Pincas|Bernholt|false|27-11-2020|19-08-1994|pbernholt7k@merriam-webster.com
Udell|Loveday|true|17-06-2021|07-04-1992|uloveday7l@rambler.ru
Francisco|Vivian|true|23-08-2021|29-07-1990|fvivian7m@storify.com
Dorice|Bortol|false|12-09-2021|09-05-1995|dbortol7n@nationalgeographic.com
Izabel|Montilla|false|01-12-2021|26-10-1998|imontilla7o@hp.com
Dominick|Hoxey|true|19-06-2020|28-12-1973|dhoxey7p@yahoo.com
Randolf|Wibrow|false|09-08-2021|25-12-1988|rwibrow7q@yandex.ru
Gawen|Frostdick|true|17-01-2021|24-05-1987|gfrostdick7r@istockphoto.com
Shelley|Harbron|false|07-08-2021|26-03-1986|sharbron7s@salon.com
Shoshanna|Feaks|true|07-02-2021|14-12-1985|sfeaks7t@diigo.com
Melisa|De Mattei|false|20-11-2020|04-08-1975|mdemattei7u@constantcontact.com
Abran|Baudoux|false|10-11-2021|12-01-1985|abaudoux7v@dyndns.org
Stephannie|Poolman|false|13-06-2021|08-09-1986|spoolman7w@reuters.com
Amalle|Gregor|false|26-10-2020|18-04-1974|agregor7x@surveymonkey.com
Arthur|Graalmans|false|30-03-2021|19-11-1963|agraalmans7y@phoca.cz
Adan|Girodier|false|10-06-2020|15-07-1984|agirodier7z@google.com.au
Carol-jean|Prigmore|true|28-03-2021|29-10-1974|cprigmore80@instagram.com
Clifford|Buntin|true|29-07-2021|11-03-1987|cbuntin81@ucoz.ru
Adrian|Feldstein|false|06-02-2021|22-06-1996|afeldstein82@aboutads.info
Erminia|Lamberth|true|16-07-2021|12-02-1962|elamberth83@youku.com
Kale|Hendrik|true|25-11-2021|12-12-1994|khendrik84@wikipedia.org
Seamus|Cotesford|false|14-11-2020|06-06-1966|scotesford85@google.com.au
Flem|Clewlow|false|22-02-2021|24-06-1970|fclewlow86@tumblr.com
Melissa|Godman|false|04-01-2021|04-10-1971|mgodman87@blogspot.com
Josephine|Stitwell|false|25-07-2021|12-10-1979|jstitwell88@vk.com
Manda|Kunes|true|25-06-2020|02-09-1981|mkunes89@europa.eu
Elijah|Clarey|true|11-07-2021|19-04-1981|eclarey8a@hibu.com
Evangelia|Cavill|true|30-07-2021|05-02-1998|ecavill8b@webs.com
Nevile|Blankett|false|08-11-2021|15-11-1985|nblankett8c@google.co.jp
Delphinia|Gadesby|true|06-12-2021|12-11-1994|dgadesby8d@uiuc.edu
Dacey|Willcot|true|22-05-2021|19-07-1973|dwillcot8e@trellian.com
Darryl|Rydzynski|true|04-09-2020|24-05-1967|drydzynski8f@nationalgeographic.com
Jacky|Duiged|false|05-02-2022|15-01-1967|jduiged8g@elegantthemes.com
Wilone|Gourlie|false|31-10-2021|09-11-1978|wgourlie8h@delicious.com
D'arcy|Dosdell|true|07-10-2021|17-05-1975|ddosdell8i@exblog.jp
Bondie|Lidgate|false|10-01-2021|02-09-1989|blidgate8j@dropbox.com
Maegan|Loder|true|28-05-2021|06-02-1976|mloder8k@google.pl
Sean|Smidmoor|true|09-08-2020|23-08-1965|ssmidmoor8l@ifeng.com
Sydel|Merrin|true|20-08-2021|30-09-1974|smerrin8m@xinhuanet.com
Fairlie|Neilus|true|17-01-2022|27-07-1988|fneilus8n@sohu.com
Cthrine|Lomb|true|04-09-2021|31-12-1991|clomb8o@examiner.com
Jammie|Feehery|false|07-10-2020|09-06-1966|jfeehery8p@meetup.com
Bernard|Jolliffe|true|06-05-2021|12-04-1982|bjolliffe8q@hud.gov
Lyell|Mathewes|false|09-01-2021|01-01-1986|lmathewes8r@usa.gov
Pam|Weatherell|false|07-08-2020|12-01-2000|pweatherell8s@wix.com
Tawnya|Letty|true|22-10-2020|23-10-1993|tletty8t@apple.com
Thorpe|Rathbone|true|12-01-2022|16-01-1986|trathbone8u@kickstarter.com
Timothea|McGowran|true|25-11-2020|25-09-1987|tmcgowran8v@comsenz.com
Herve|Colclough|false|08-12-2021|24-04-1992|hcolclough8w@51.la
Ashlee|Dearing|true|27-03-2021|11-05-1984|adearing8x@wikispaces.com
Korella|Harverson|true|01-03-2022|07-06-1976|kharverson8y@archive.org
Emmie|Campione|true|31-08-2020|03-01-1989|ecampione8z@patch.com
Ethan|Van Bruggen|true|08-01-2022|20-10-1988|evanbruggen90@t-online.de
Koo|Albert|false|25-07-2021|12-05-1966|kalbert91@studiopress.com
Reba|Monkhouse|true|22-06-2020|28-07-1986|rmonkhouse92@gizmodo.com
Margery|Klaussen|true|22-01-2022|28-12-1969|mklaussen93@businessweek.com
Gale|Cummungs|false|30-07-2021|24-05-1992|gcummungs94@ezinearticles.com
Abby|Fenn|true|16-03-2021|18-10-1986|afenn95@tmall.com
Rosabelle|Bridell|false|31-08-2021|09-04-1962|rbridell96@so-net.ne.jp
Kirbie|Donalson|true|12-08-2020|15-05-1966|kdonalson97@go.com
Claudell|Postians|true|05-07-2020|09-10-1962|cpostians98@smugmug.com
Lissie|Urvoy|true|22-02-2021|06-05-1986|lurvoy99@go.com
Arte|Brantl|true|10-01-2022|05-12-1996|abrantl9a@geocities.jp
Lita|Lethieulier|false|01-11-2021|19-03-1974|llethieulier9b@spotify.com
Nicolle|Warmisham|true|15-06-2020|24-09-1964|nwarmisham9c@webnode.com
Wolf|Meuse|true|06-08-2021|15-01-1986|wmeuse9d@gravatar.com
Duffy|Pepler|true|31-07-2020|07-07-1987|dpepler9e@naver.com
Gwenneth|Remmer|true|15-01-2022|15-08-1999|gremmer9f@bloglovin.com
Lynn|McColgan|true|05-02-2021|11-10-1961|lmccolgan9g@chronoengine.com
Idell|Hark|true|15-02-2021|25-02-1988|ihark9h@rambler.ru
Claudette|Kidwell|false|27-01-2021|26-02-1976|ckidwell9i@4shared.com
Koenraad|Tregunna|true|05-06-2020|21-08-1981|ktregunna9j@si.edu
Oliviero|Rollin|false|22-04-2021|27-11-1977|orollin9k@aol.com
Dannie|Karp|false|24-10-2021|27-05-1963|dkarp9l@wsj.com
Barbi|Gaddie|true|18-11-2021|12-04-1967|bgaddie9m@hugedomains.com
Mickie|Bernette|true|02-01-2021|01-12-1961|mbernette9n@apple.com
Lorianna|Wewell|false|15-10-2020|19-09-1979|lwewell9o@flickr.com
Tracie|Kelley|false|23-03-2021|14-01-1969|tkelley9p@discuz.net
Cletus|Walduck|false|26-09-2020|14-12-1967|cwalduck9q@businessinsider.com
Yehudit|Cufley|true|15-05-2021|19-11-1981|ycufley9r@istockphoto.com
Duky|Murty|false|28-08-2021|09-05-1999|dmurty9s@rediff.com
Darryl|Bastard|false|30-01-2021|29-09-1964|dbastard9t@flickr.com
Winthrop|Manie|true|19-10-2020|12-11-1997|wmanie9u@slashdot.org
Dayna|Hamilton|true|18-02-2021|11-03-1994|dhamilton9v@sohu.com
Von|Dureden|true|15-02-2021|28-01-1995|vdureden9w@ucsd.edu
Rhonda|Stoffersen|true|06-02-2021|21-08-1980|rstoffersen9x@scientificamerican.com
Florette|Fossey|false|31-07-2021|27-01-1962|ffossey9y@51.la
Constantino|Langmead|false|27-08-2020|19-04-1968|clangmead9z@4shared.com
Felizio|Bowdon|true|22-10-2021|22-05-1976|fbowdona0@hexun.com
Travers|Titcombe|false|06-04-2021|17-06-1983|ttitcombea1@harvard.edu
Charity|Fallowes|false|25-01-2021|01-11-1963|cfallowesa2@fc2.com
Viviene|Cuesta|false|21-03-2021|07-09-1966|vcuestaa3@fotki.com
Katleen|Fretwell|false|01-09-2021|23-09-1985|kfretwella4@wunderground.com
Alyss|Tattersall|false|16-12-2020|19-08-1982|atattersalla5@google.de
Ami|Zanassi|false|03-12-2020|28-11-1961|azanassia6@illinois.edu
Merla|Maurice|true|27-12-2021|19-10-1991|mmauricea7@purevolume.com
Heriberto|Luckin|true|03-10-2020|05-10-1999|hluckina8@pbs.org
Harrison|Pentecust|false|29-07-2021|23-06-1996|hpentecusta9@baidu.com
Finlay|Rutherforth|false|28-08-2020|11-02-1997|frutherforthaa@is.gd
Obadiah|Hark|false|18-02-2021|10-08-1997|oharkab@amazon.de
Jeromy|Gammie|false|18-08-2020|16-11-1974|jgammieac@hud.gov
Aristotle|Mabe|true|22-10-2020|28-12-1980|amabead@globo.com
Gawain|Langridge|true|22-04-2021|07-10-1988|glangridgeae@alibaba.com
Regina|Cleife|false|10-06-2020|25-09-1965|rcleifeaf@cyberchimps.com
Marven|Vallack|false|01-01-2022|01-11-1970|mvallackag@twitter.com
Chance|Batts|true|23-06-2020|18-02-1965|cbattsah@desdev.cn
Fallon|Cowoppe|false|25-10-2021|07-04-1968|fcowoppeai@craigslist.org
Jens|Maud|true|29-03-2021|12-11-1992|jmaudaj@mozilla.com
Jamesy|Truelock|true|03-11-2020|22-11-1999|jtruelockak@vimeo.com
Flossy|Bawme|true|23-09-2021|19-04-1973|fbawmeal@digg.com
Lianna|Folcarelli|false|29-06-2020|20-06-1982|lfolcarelliam@samsung.com
Verna|Reason|true|26-12-2020|02-12-1962|vreasonan@guardian.co.uk
Konstantin|Gear|true|29-03-2021|14-04-1979|kgearao@cam.ac.uk
Gottfried|Ternent|false|24-11-2021|26-05-1971|gternentap@prlog.org
Victoir|Greenset|false|11-10-2020|02-11-1982|vgreensetaq@cnbc.com
Rodney|Lantaff|false|27-03-2021|26-06-1997|rlantaffar@stumbleupon.com
Kelby|Riguard|false|29-11-2020|02-10-1971|kriguardas@google.cn
Brandi|Wolton|true|04-10-2020|20-03-1981|bwoltonat@webnode.com
Myrna|Housegoe|true|21-12-2021|16-02-1995|mhousegoeau@army.mil
Garner|Salamon|false|10-06-2021|23-03-1985|gsalamonav@hc360.com
Gillian|Darkott|false|05-08-2020|08-02-1995|gdarkottaw@moonfruit.com
Sephira|Duling|true|01-10-2020|21-09-1970|sdulingax@businessinsider.com
Raviv|Giscken|true|13-11-2021|14-06-1995|rgisckenay@cnet.com
Leif|Lukacs|true|15-11-2020|18-05-1962|llukacsaz@discovery.com
Theresina|Fynn|false|06-11-2020|15-10-1977|tfynnb0@ow.ly
Biddie|Frammingham|false|24-01-2022|04-10-1962|bframminghamb1@e-recht24.de
Winston|Comber|true|03-09-2020|19-03-1992|wcomberb2@nasa.gov
Sayres|Russel|false|07-05-2021|29-08-1986|srusselb3@opera.com
Lennard|Bodham|false|19-11-2021|18-06-1963|lbodhamb4@irs.gov
Pen|Hurdis|true|28-12-2020|04-02-1982|phurdisb5@apache.org
Steven|Trent|false|31-10-2020|28-07-1983|strentb6@sciencedirect.com
Elicia|Umbers|true|02-06-2021|03-12-1990|eumbersb7@mediafire.com
Tildy|Shawel|true|07-06-2020|23-01-1998|tshawelb8@goodreads.com
Craggy|Ren|true|25-05-2021|04-12-1981|crenb9@nba.com
Sibel|Maty|false|18-12-2021|07-12-1994|smatyba@abc.net.au
Adrian|Hanvey|false|13-04-2021|25-03-1978|ahanveybb@i2i.jp
Bethanne|Bickford|true|08-06-2021|19-05-1993|bbickfordbc@house.gov
Merissa|Dunford|true|15-12-2020|25-10-1962|mdunfordbd@msn.com
Findley|House|false|21-02-2021|05-05-1961|fhousebe@digg.com
Larine|Skerritt|true|28-03-2021|13-02-1991|lskerrittbf@indiatimes.com
Isidor|Simonetti|false|24-06-2020|03-04-1991|isimonettibg@dyndns.org
Rudiger|Rubinowitsch|false|11-07-2020|06-11-1979|rrubinowitschbh@nationalgeographic.com
Joeann|Weiss|true|10-11-2020|20-04-1970|jweissbi@chicagotribune.com
Darbee|Seakes|true|31-12-2020|30-11-1969|dseakesbj@whitehouse.gov
Sapphira|Botright|false|04-08-2021|21-06-1986|sbotrightbk@nbcnews.com
Anny|Connop|false|23-12-2021|29-03-1981|aconnopbl@themeforest.net
Christin|Traske|false|21-01-2022|02-07-1963|ctraskebm@wix.com
Yorke|Ahern|false|03-03-2022|07-01-1982|yahernbn@webs.com
Cecelia|Sigart|false|13-08-2021|17-10-1998|csigartbo@wordpress.com
Kora|Leask|false|08-12-2020|13-06-1991|kleaskbp@tinyurl.com
Eartha|Lifsey|false|06-01-2021|21-01-1968|elifseybq@mozilla.com
Reidar|Sauven|true|10-08-2020|17-08-1964|rsauvenbr@dedecms.com
Shay|McWhirter|false|31-12-2021|14-09-1997|smcwhirterbs@webeden.co.uk
Monika|Moff|true|11-09-2021|20-02-1987|mmoffbt@icio.us
Ludwig|Muggleston|true|01-07-2021|07-11-1996|lmugglestonbu@bing.com
Anallese|Tennewell|false|25-01-2022|02-01-1983|atennewellbv@elegantthemes.com
Chantalle|Lutsch|false|23-12-2020|04-12-1973|clutschbw@marketwatch.com
Yolane|Barhems|false|09-12-2021|15-10-1997|ybarhemsbx@51.la
Tiffanie|Stonehouse|true|08-09-2020|05-03-1964|tstonehouseby@ucla.edu
Ilario|Hazelhurst|false|15-11-2021|17-04-1975|ihazelhurstbz@microsoft.com
Janel|Cicccitti|true|24-11-2021|06-11-1975|jcicccittic0@zdnet.com
Ax|Statham|false|26-03-2021|31-01-1997|astathamc1@gizmodo.com
Lenette|Hardware|true|08-02-2021|30-08-1992|lhardwarec2@mail.ru
Si|Dmitrienko|true|08-04-2021|15-05-1998|sdmitrienkoc3@discuz.net
Ronny|Weatherill|false|06-09-2021|06-09-1997|rweatherillc4@china.com.cn
Valli|Manthroppe|false|28-05-2021|07-02-1972|vmanthroppec5@pen.io
Gloriana|Bard|false|24-11-2021|20-05-1983|gbardc6@usatoday.com
Selie|Rogger|false|19-07-2020|06-02-1987|sroggerc7@simplemachines.org
Sabrina|Collumbine|false|08-06-2020|18-01-1992|scollumbinec8@accuweather.com
Michell|Balstone|false|17-11-2020|07-12-1964|mbalstonec9@sbwire.com
Gerek|Shimmings|false|24-06-2021|19-11-1997|gshimmingsca@baidu.com
Conchita|Bruster|false|25-05-2021|25-04-1971|cbrustercb@woothemes.com
Pearle|Jakubowsky|true|06-09-2021|15-08-1975|pjakubowskycc@google.it
Karlis|Beavis|false|21-12-2021|30-09-1981|kbeaviscd@mail.ru
Brennan|Kitchingham|false|30-01-2022|01-10-1962|bkitchinghamce@weibo.com
Vivianne|Varker|false|27-07-2021|26-09-1987|vvarkercf@buzzfeed.com
Samuele|Galway|false|18-06-2021|20-10-1994|sgalwaycg@furl.net
Dolf|Haresign|false|02-07-2021|01-05-1995|dharesignch@netvibes.com
Gates|Beneix|true|18-01-2022|08-11-1998|gbeneixci@lulu.com
Florida|Kelby|false|24-10-2020|15-06-1996|fkelbycj@wikipedia.org
Rockie|Viscovi|false|20-12-2021|10-02-1983|rviscovick@yellowbook.com
Francklyn|Guyon|true|02-03-2022|07-05-1986|fguyoncl@ucoz.com
Madelle|Fellgate|false|09-11-2021|15-11-1992|mfellgatecm@google.cn
Carree|Abendroth|false|13-05-2021|19-02-1969|cabendrothcn@nifty.com
Marijo|Paddle|false|10-04-2021|20-10-1964|mpaddleco@canalblog.com
Leoine|Ciotto|false|13-03-2021|30-08-1986|lciottocp@statcounter.com
Yvette|McCrae|false|11-09-2020|29-04-1974|ymccraecq@yellowbook.com
Bethanne|Hulles|true|27-11-2020|07-03-1997|bhullescr@prlog.org
Bride|Laviss|false|27-07-2020|19-12-1986|blavisscs@chronoengine.com
Noami|Galea|false|21-02-2022|29-03-1967|ngaleact@t.co
Gisella|Skeels|true|26-05-2021|23-06-1980|gskeelscu@goo.gl
Keslie|Sharma|false|29-12-2020|29-08-1971|ksharmacv@soundcloud.com
Myriam|Hatley|false|04-09-2021|10-09-1981|mhatleycw@merriam-webster.com
Chas|Chrestien|false|16-10-2020|03-03-1969|cchrestiencx@google.fr
Sophia|Mellhuish|false|05-03-2021|16-03-1994|smellhuishcy@icq.com
Gwenni|Leif|true|13-10-2021|30-10-1998|gleifcz@i2i.jp
Rouvin|Idell|false|10-02-2022|03-11-1980|ridelld0@sciencedaily.com
Antonia|Keefe|true|13-01-2022|07-11-1989|akeefed1@etsy.com
Hally|Firle|true|22-01-2021|28-02-1995|hfirled2@utexas.edu
Lorri|Whale|true|28-06-2021|10-04-1964|lwhaled3@google.it
Aubrette|Colbourne|false|09-02-2021|30-12-1963|acolbourned4@timesonline.co.uk
Colan|Peiro|true|19-01-2021|25-05-1978|cpeirod5@godaddy.com
Nathanael|McCloch|false|07-01-2021|23-12-1968|nmcclochd6@bandcamp.com
Stephi|Cutforth|false|07-06-2020|10-11-1980|scutforthd7@bloglines.com
Shandy|Iiannone|false|01-06-2020|28-09-1964|siiannoned8@mit.edu
Ardra|Gretham|true|10-08-2021|03-11-1985|agrethamd9@gravatar.com
Mavra|Milroy|false|04-03-2021|15-06-1964|mmilroyda@51.la
Nicolais|Stocking|true|02-01-2022|28-01-1995|nstockingdb@forbes.com
Isabeau|Erb|false|17-12-2020|28-02-1989|ierbdc@mac.com
Hope|Chennells|false|14-12-2020|15-10-1998|hchennellsdd@economist.com
Natty|McGillicuddy|false|20-02-2022|08-06-1967|nmcgillicuddyde@privacy.gov.au
Padget|Klaes|true|15-03-2021|07-10-1980|pklaesdf@ocn.ne.jp
Jdavie|Smedley|false|23-02-2021|27-12-1992|jsmedleydg@list-manage.com
Stinky|Camplejohn|true|12-08-2020|30-06-1964|scamplejohndh@themeforest.net
Glenna|Fierman|false|24-06-2021|11-03-1962|gfiermandi@psu.edu
Cory|Happer|false|21-02-2021|26-11-1999|chapperdj@google.nl
Ravi|Brugsma|false|19-11-2020|14-03-1980|rbrugsmadk@rambler.ru
Zilvia|Batchelar|false|30-01-2022|07-09-1970|zbatchelardl@free.fr
Lucine|Howkins|false|17-11-2020|25-01-1976|lhowkinsdm@toplist.cz
Clo|Shernock|true|02-03-2021|15-09-1992|cshernockdn@macromedia.com
Jermayne|Hixson|false|12-09-2020|15-10-1987|jhixsondo@oracle.com
Corney|Comberbeach|false|30-05-2021|27-10-1973|ccomberbeachdp@google.com.hk
Alister|Looker|false|27-07-2020|03-06-1999|alookerdq@friendfeed.com
Lamont|Mordin|true|09-10-2020|28-01-1967|lmordindr@google.co.uk
Herman|Sweett|true|20-10-2020|11-12-1984|hsweettds@imdb.com
Nada|Randles|true|08-05-2021|29-06-1983|nrandlesdt@amazon.de
Trisha|Hanne|false|07-11-2020|13-09-1991|thannedu@goo.ne.jp
Natasha|McNiven|false|04-01-2021|26-09-1965|nmcnivendv@bbc.co.uk
Dame|Ridgeway|false|28-09-2020|24-05-1998|dridgewaydw@edublogs.org
Jenica|Heak|true|15-12-2020|09-12-1977|jheakdx@latimes.com
Percival|Rowbrey|false|17-03-2021|03-06-1999|prowbreydy@gov.uk
Carleen|Imrie|true|15-12-2021|29-05-1985|cimriedz@rediff.com
Michaelina|Cornils|true|25-07-2021|12-01-1979|mcornilse0@statcounter.com
Bell|Zanitti|false|09-02-2022|25-12-1995|bzanittie1@eventbrite.com
Aubrey|Wanek|true|17-06-2021|27-09-1964|awaneke2@blog.com
Anabel|Currer|false|21-06-2021|31-10-1992|acurrere3@xinhuanet.com
Cherice|Wheildon|true|05-06-2020|10-09-1983|cwheildone4@arizona.edu
Jecho|Fedoronko|true|27-07-2020|26-08-1969|jfedoronkoe5@reverbnation.com
Marve|Whiley|false|24-11-2021|15-04-1961|mwhileye6@redcross.org
Charo|Caffrey|true|17-02-2021|16-05-1984|ccaffreye7@virginia.edu
Yettie|Maudson|false|17-05-2021|04-06-1972|ymaudsone8@squidoo.com
Mariette|Leggen|true|21-09-2020|16-09-1994|mleggene9@ucoz.ru
Stephani|Sarah|true|16-02-2022|02-11-1975|ssarahea@opensource.org
Giorgia|Symones|true|28-01-2022|25-06-1997|gsymoneseb@angelfire.com
Rodolfo|Hurrell|true|15-02-2021|23-06-1966|rhurrellec@t.co
Kingsley|Thurlow|false|15-07-2020|17-09-1985|kthurlowed@themeforest.net
Decca|Franzotto|false|30-12-2021|19-10-1977|dfranzottoee@dot.gov
Bryan|Creebo|false|09-11-2020|17-02-1995|bcreeboef@imgur.com
Gilligan|Leat|true|01-08-2021|23-05-1989|gleateg@ovh.net
Marco|Pickles|false|15-04-2021|21-03-1977|mpickleseh@nymag.com
Rori|Abethell|true|02-03-2021|27-08-1973|rabethellei@cam.ac.uk
Marshall|Matussow|true|03-03-2021|22-12-1967|mmatussowej@moonfruit.com
Flo|Beeho|false|06-06-2021|26-11-1962|fbeehoek@webs.com
Latisha|Abramin|true|25-06-2021|23-07-1980|labraminel@51.la
Reidar|Itzkovwich|true|14-10-2021|12-08-1991|ritzkovwichem@hibu.com
Loydie|Estick|false|05-02-2022|20-10-1971|lesticken@etsy.com
Rhetta|Nockolds|false|25-12-2021|23-11-1991|rnockoldseo@twitpic.com
Mommy|Haughan|true|20-02-2022|20-06-1983|mhaughanep@tinypic.com
Brodie|Drance|true|03-11-2020|25-11-1974|bdranceeq@symantec.com
Barb|Bembridge|true|31-07-2020|04-03-1963|bbembridgeer@utexas.edu
Maritsa|Hanstock|true|23-11-2020|07-07-1974|mhanstockes@wordpress.com
Husein|Gwillim|false|07-05-2021|05-09-1960|hgwillimet@buzzfeed.com
Fredi|Pecey|false|02-09-2021|30-07-1995|fpeceyeu@cargocollective.com
Zilvia|Court|false|09-01-2022|01-04-1981|zcourtev@tumblr.com
Shelba|Coggins|false|17-01-2022|10-12-1965|scogginsew@admin.ch
Silvanus|Marchent|false|13-01-2021|06-08-1998|smarchentex@uol.com.br
Kathe|Barson|true|29-08-2021|07-09-1994|kbarsoney@ifeng.com
Emmett|Lohden|true|20-02-2022|05-06-1981|elohdenez@prnewswire.com
Bealle|Featherstonhaugh|true|26-10-2021|18-03-1970|bfeatherstonhaughf0@blogtalkradio.com
Massimiliano|De Cleyne|true|04-10-2020|02-04-1981|mdecleynef1@aol.com
Joaquin|Iacobacci|false|26-12-2020|11-12-1987|jiacobaccif2@google.com
Robinia|Leschelle|true|17-01-2022|14-03-1986|rleschellef3@paypal.com
Edouard|Tock|false|20-12-2021|08-07-1972|etockf4@cdbaby.com
Carlynne|Eyden|true|26-12-2021|02-06-1984|ceydenf5@storify.com
Alva|Bembrick|false|22-08-2021|10-06-1963|abembrickf6@linkedin.com
Seth|Sconce|false|09-08-2021|29-12-1983|ssconcef7@indiatimes.com
Jonis|Brekonridge|true|30-07-2020|31-10-1987|jbrekonridgef8@geocities.com
Yetty|Ibbitson|true|19-09-2020|16-10-1971|yibbitsonf9@huffingtonpost.com
Hall|Shevill|false|12-08-2020|06-02-1990|hshevillfa@census.gov
Noreen|Barkes|true|27-08-2021|07-12-1991|nbarkesfb@google.nl
Cyrill|Stanley|true|12-02-2021|21-05-1973|cstanleyfc@mayoclinic.com
Nonna|Jallin|true|14-05-2021|26-07-1975|njallinfd@bloglines.com
Haleigh|Dumbleton|false|29-08-2020|19-09-1984|hdumbletonfe@noaa.gov
Jordain|Riddall|false|16-04-2021|07-11-1990|jriddallff@cargocollective.com
Joan|Genese|false|20-11-2020|13-07-1965|jgenesefg@constantcontact.com
Stanley|Claris|true|29-09-2021|20-08-1970|sclarisfh@so-net.ne.jp
Robin|Duling|false|23-09-2020|30-09-1984|rdulingfi@apple.com
Camile|Bakhrushkin|true|16-07-2021|02-08-1993|cbakhrushkinfj@drupal.org
Marty|Mitskevich|true|18-12-2020|20-07-1962|mmitskevichfk@acquirethisname.com
Dale|Cary|true|19-06-2020|24-03-1972|dcaryfl@imgur.com
Stanly|Neale|true|05-11-2020|25-12-1993|snealefm@live.com
Gina|Embra|true|31-07-2021|26-07-1984|gembrafn@engadget.com
Sandra|Tidy|true|24-05-2021|12-11-1982|stidyfo@sourceforge.net
Biron|Eidler|true|09-04-2021|10-01-1973|beidlerfp@nasa.gov
Myles|Steckings|true|09-11-2020|08-12-1976|msteckingsfq@spotify.com
Cal|Bodman|true|07-09-2021|22-01-1975|cbodmanfr@yahoo.co.jp
Karlen|Aishford|true|06-06-2021|05-10-1986|kaishfordfs@washingtonpost.com
Reade|Tomas|false|09-08-2020|03-08-1983|rtomasft@instagram.com
Kylila|Deeming|false|16-11-2021|16-03-1971|kdeemingfu@drupal.org
Archambault|Adamson|false|05-09-2021|02-10-1999|aadamsonfv@soundcloud.com
Staford|Pickburn|false|19-01-2021|02-11-1977|spickburnfw@yellowpages.com
Boony|Tallach|true|18-02-2021|23-11-1995|btallachfx@bandcamp.com
Daniel|Godball|false|20-03-2021|11-09-1990|dgodballfy@ed.gov
Ardyce|Illes|true|14-01-2021|12-03-1981|aillesfz@a8.net
Paola|Bernardotti|true|27-01-2021|24-11-1977|pbernardottig0@issuu.com
Guy|Shoorbrooke|true|04-07-2021|27-05-1993|gshoorbrookeg1@cdc.gov
Remus|Tremblet|false|18-04-2021|01-08-1976|rtrembletg2@examiner.com
Yolande|Cartlidge|true|03-10-2021|24-05-1968|ycartlidgeg3@godaddy.com
Alonso|Thomelin|true|09-12-2020|20-08-1998|athomeling4@china.com.cn
Tonya|Boatman|false|12-08-2020|19-05-1974|tboatmang5@i2i.jp
Emily|Dennick|false|03-11-2020|23-01-1999|edennickg6@tinypic.com
Althea|Gaitskill|false|25-11-2020|13-01-1985|agaitskillg7@spotify.com
Kizzie|Strephan|false|22-04-2021|19-12-1971|kstrephang8@noaa.gov
Suzy|Eckery|true|22-02-2021|27-11-1969|seckeryg9@forbes.com
Lonnie|Gaveltone|false|26-11-2020|21-11-1994|lgaveltonega@xinhuanet.com
Haily|Leaf|false|10-11-2020|13-06-1983|hleafgb@utexas.edu
Cherin|Hargrave|true|01-09-2021|29-03-1973|chargravegc@ocn.ne.jp
Eldin|Fayerman|true|22-09-2020|01-06-1999|efayermangd@hugedomains.com
Gunter|Earwaker|true|09-06-2021|20-12-1986|gearwakerge@surveymonkey.com
Elbertina|Salandino|false|22-08-2021|20-01-1978|esalandinogf@hp.com
Raoul|Volage|true|03-01-2022|25-10-1979|rvolagegg@uiuc.edu
Elinor|Pain|false|18-06-2021|11-04-1996|epaingh@tripod.com
Marius|Townshend|true|16-08-2020|01-03-1993|mtownshendgi@hexun.com
Celle|Jockle|true|12-10-2020|28-09-1977|cjocklegj@cmu.edu
Lilla|Perse|false|05-01-2022|01-09-1977|lpersegk@google.com.br
Risa|Lindeberg|true|14-02-2022|17-06-1991|rlindeberggl@twitter.com
Leann|Conwell|true|09-07-2021|10-04-1981|lconwellgm@sitemeter.com
Trevar|Spinetti|false|21-09-2021|14-07-1998|tspinettign@hibu.com
Myra|Caillou|false|23-07-2021|26-07-1995|mcaillougo@delicious.com
Martyn|Egell|false|09-06-2021|09-03-1973|megellgp@goo.gl
Jeanine|Opfer|false|19-11-2021|16-12-1977|jopfergq@gnu.org
Ric|Whate|true|21-02-2021|11-02-1964|rwhategr@bluehost.com
Allyn|Marjot|false|07-12-2020|17-05-1970|amarjotgs@ftc.gov
Raddie|Pennetta|false|29-10-2020|14-09-1997|rpennettagt@ed.gov
Aksel|Raddish|false|16-07-2021|08-10-1985|araddishgu@prweb.com
Ravi|Doppler|true|11-07-2020|21-03-1984|rdopplergv@ustream.tv
Florella|Cruse|true|16-01-2021|25-03-1980|fcrusegw@dailymail.co.uk
Dayle|Husband|false|11-07-2020|11-11-1962|dhusbandgx@yahoo.co.jp
Jerrine|Titchmarsh|true|04-08-2020|25-07-1982|jtitchmarshgy@ustream.tv
Berthe|Cousans|false|17-10-2021|05-11-1960|bcousansgz@ox.ac.uk
Heath|Seccombe|false|17-06-2020|30-09-1961|hseccombeh0@cnbc.com
Ilysa|Jaszczak|false|03-08-2020|05-03-1991|ijaszczakh1@wikia.com
Morlee|Wright|false|20-01-2021|24-02-1975|mwrighth2@rambler.ru
Bryce|Cardenosa|false|20-10-2021|14-03-1971|bcardenosah3@nasa.gov
Willdon|Davidovits|false|18-04-2021|19-01-1976|wdavidovitsh4@census.gov
Gorden|Tarrant|false|10-12-2020|26-02-1969|gtarranth5@kickstarter.com
Fair|Chidzoy|true|02-08-2021|12-08-1995|fchidzoyh6@creativecommons.org
Rosaleen|La Croce|true|27-10-2020|25-06-1982|rlacroceh7@furl.net
Carley|Gumly|true|16-09-2021|29-08-1961|cgumlyh8@rediff.com
Claudelle|Snellman|false|27-02-2021|01-11-1984|csnellmanh9@reuters.com
Carny|Fairs|true|07-06-2020|23-09-1995|cfairsha@theglobeandmail.com
Virgilio|Whistlecroft|false|20-04-2021|20-06-1986|vwhistlecrofthb@netscape.com
Lazare|Santore|false|21-07-2020|26-07-1986|lsantorehc@yellowpages.com
Marietta|Looks|true|23-09-2020|09-11-1994|mlookshd@linkedin.com
Bailey|Barstowk|true|18-08-2021|07-10-1992|bbarstowkhe@tamu.edu
Brien|Gieves|true|09-11-2020|25-04-1972|bgieveshf@4shared.com
Helyn|Kingham|true|03-01-2021|19-08-1984|hkinghamhg@foxnews.com
Vance|Peris|false|19-01-2021|22-06-1975|vperishh@slate.com
Elbert|Spada|true|09-09-2021|05-08-1995|espadahi@biglobe.ne.jp
Beilul|Oglesbee|true|02-04-2021|16-01-1974|boglesbeehj@miibeian.gov.cn
Yank|Tees|false|04-10-2021|06-10-1981|yteeshk@slate.com
Pavla|de Mullett|false|05-09-2020|14-08-1961|pdemulletthl@google.pl
Rikki|Isles|true|24-09-2021|27-12-1984|risleshm@yellowpages.com
Merle|Eagland|false|03-10-2021|30-11-1961|meaglandhn@webnode.com
Brenn|Brecon|true|07-07-2021|07-12-1962|bbreconho@amazon.de
Eleanora|Alyukin|false|04-08-2020|16-09-1967|ealyukinhp@reddit.com
Heddie|Matschek|false|25-10-2020|29-05-1992|hmatschekhq@fda.gov
Gussi|Lambole|false|03-02-2022|19-02-2000|glambolehr@abc.net.au
Gary|Fortey|true|22-02-2021|29-01-1966|gforteyhs@facebook.com
Trip|Bus|false|27-12-2021|20-12-1995|tbusht@lulu.com
Cristin|Dowty|false|13-09-2021|07-06-1960|cdowtyhu@barnesandnoble.com
Giustino|Matokhnin|false|21-11-2020|04-07-1976|gmatokhninhv@theatlantic.com
Alex|Allnutt|true|01-09-2020|04-11-1999|aallnutthw@123-reg.co.uk
Liam|Bowlas|true|08-06-2020|27-04-1963|lbowlashx@dot.gov
Clarke|Veltman|false|01-09-2020|16-10-1973|cveltmanhy@nydailynews.com
Fairleigh|Bowers|true|19-09-2020|16-08-1989|fbowershz@toplist.cz
Moreen|Dismore|false|07-02-2021|11-04-1964|mdismorei0@nature.com
Andriette|Wimpey|true|08-06-2020|06-05-1984|awimpeyi1@ezinearticles.com
Shalna|Markwell|true|26-10-2021|07-04-1988|smarkwelli2@example.com
Ricoriki|Lewcock|false|11-07-2021|30-05-1968|rlewcocki3@mayoclinic.com
Dinny|Stanaway|true|25-07-2021|20-12-1974|dstanawayi4@craigslist.org
Shena|Debill|true|04-02-2021|02-12-1964|sdebilli5@networkadvertising.org
Stavro|Pervew|false|03-06-2021|07-07-1969|spervewi6@sina.com.cn
Moishe|Picton|true|17-10-2021|19-03-1990|mpictoni7@fda.gov
Dede|Ellice|false|18-11-2021|31-10-1990|dellicei8@wix.com
Jayme|MacCafferky|false|17-01-2021|12-05-1982|jmaccafferkyi9@un.org
Morty|Tack|true|08-07-2021|18-11-1965|mtackia@wired.com
Viv|Hubbart|false|19-04-2021|08-08-1985|vhubbartib@cdc.gov
Ringo|Taffe|true|26-10-2021|22-07-1964|rtaffeic@patch.com
Bunny|Elstone|false|12-11-2020|30-01-1962|belstoneid@guardian.co.uk
Bronson|Kelberman|true|21-04-2021|28-08-1975|bkelbermanie@photobucket.com
Markus|Mennear|false|31-07-2020|22-06-1967|mmennearif@economist.com
Blakelee|Fleischmann|false|14-02-2021|06-08-1999|bfleischmannig@businesswire.com
Antonio|Davidzon|true|01-08-2020|14-05-1964|adavidzonih@netscape.com
Amandi|Trustey|true|05-04-2021|15-06-1997|atrusteyii@reddit.com
Flossie|Oldaker|true|22-09-2021|19-03-1966|foldakerij@about.com
Briney|Swetman|false|27-11-2021|27-01-1988|bswetmanik@admin.ch
Sayer|Mertgen|false|27-02-2021|09-10-1995|smertgenil@accuweather.com
Gran|Ravenshaw|false|17-09-2020|17-12-1979|gravenshawim@cam.ac.uk
Enrichetta|Broschek|true|16-07-2020|06-07-1973|ebroschekin@flickr.com
Anne-corinne|Curm|true|07-07-2021|27-07-1969|acurmio@jalbum.net
Ralina|Leupoldt|false|03-02-2022|03-06-1985|rleupoldtip@harvard.edu
Leeanne|Esmead|true|20-09-2021|22-08-1961|lesmeadiq@soundcloud.com
Bern|Cake|true|29-11-2021|12-10-1983|bcakeir@wp.com
Ainslie|Hewins|true|17-08-2021|23-03-1979|ahewinsis@vimeo.com
Kincaid|Maud|false|18-08-2020|02-07-1973|kmaudit@ebay.com
Micki|Prescote|true|25-07-2021|07-09-1985|mprescoteiu@flavors.me
Maren|Kane|true|19-01-2022|27-11-1981|mkaneiv@bing.com
Salaidh|Phillpot|false|05-04-2021|25-04-1974|sphillpotiw@trellian.com
Victoria|Kobieriecki|false|08-07-2020|23-11-1965|vkobierieckiix@netvibes.com
Renell|Leak|true|12-08-2020|06-07-1997|rleakiy@amazon.com
Sheelah|Wolfenden|true|29-07-2021|15-04-1988|swolfendeniz@ow.ly
Sarita|Pritchard|true|16-05-2021|10-04-1968|spritchardj0@amazonaws.com
Thorndike|Hancock|true|24-12-2021|19-06-1996|thancockj1@booking.com
Sidonia|Lyal|false|22-06-2021|31-05-1987|slyalj2@nhs.uk
Vallie|Hansbury|true|16-04-2021|09-12-1977|vhansburyj3@sina.com.cn
Audrie|Clausner|true|30-09-2021|17-09-1995|aclausnerj4@va.gov
Arabela|Hazelhurst|false|09-11-2020|10-09-1981|ahazelhurstj5@sphinn.com
Stanleigh|Dwine|true|18-09-2021|11-12-1979|sdwinej6@businesswire.com
Ramona|Chaffer|false|11-08-2020|07-08-1984|rchafferj7@blogs.com
Sigfried|Polley|false|02-07-2021|27-07-1972|spolleyj8@europa.eu
Merill|Saphir|false|22-10-2021|02-05-1998|msaphirj9@intel.com
Beale|de Clercq|true|30-08-2021|02-07-1965|bdeclercqja@techcrunch.com
Aldwin|Slaymaker|false|09-05-2021|17-07-1997|aslaymakerjb@vkontakte.ru
Perry|Stainson|false|08-08-2020|08-03-1975|pstainsonjc@bloglovin.com
Katalin|Dundredge|true|13-03-2021|08-05-1977|kdundredgejd@cbslocal.com
Kim|Mc Combe|false|11-02-2022|06-09-1988|kmccombeje@pcworld.com
Trumaine|Pre|true|01-08-2020|14-02-1984|tprejf@gizmodo.com
Floyd|Cammiemile|true|14-12-2021|17-12-1973|fcammiemilejg@shareasale.com
Marchall|Green|false|01-10-2020|22-06-1993|mgreenjh@irs.gov
Silvia|Clulee|true|28-06-2021|22-05-1966|scluleeji@walmart.com
Laurice|Filippone|true|26-06-2020|17-02-1994|lfilipponejj@weather.com
Jillene|Donohue|false|14-06-2021|13-10-1992|jdonohuejk@berkeley.edu
Rosalinde|Reglar|true|11-01-2022|03-04-1983|rreglarjl@npr.org
Vinnie|Prandoni|false|19-11-2021|03-03-1973|vprandonijm@jigsy.com
Walton|Renahan|true|28-06-2020|04-12-1963|wrenahanjn@un.org
Luce|Beesley|true|31-08-2020|15-02-1973|lbeesleyjo@wordpress.com
Carlye|Creser|false|02-11-2021|22-03-1994|ccreserjp@msu.edu
Gisella|Chiechio|false|03-02-2021|01-10-1981|gchiechiojq@hc360.com
Codi|Ganning|false|20-06-2020|16-03-1962|cganningjr@simplemachines.org
Tobi|Lyston|true|21-05-2021|19-12-1988|tlystonjs@behance.net
Boris|Greeson|true|04-05-2021|02-09-1982|bgreesonjt@accuweather.com
Aleen|Menco|false|14-04-2021|07-05-1997|amencoju@utexas.edu
Ynez|Bottomore|false|14-04-2021|23-02-1961|ybottomorejv@woothemes.com
Nickola|Duesbury|true|11-06-2021|04-11-1964|nduesburyjw@tuttocitta.it
Lek|Fowgies|true|30-07-2020|23-06-1972|lfowgiesjx@addthis.com
Inez|Albiston|false|16-10-2021|13-04-1988|ialbistonjy@answers.com
Forest|Antcliffe|true|03-10-2021|21-09-1983|fantcliffejz@cnn.com
Carlie|Saphir|true|09-02-2021|23-03-1983|csaphirk0@mapy.cz
Nelson|Carnilian|false|01-06-2020|18-05-1965|ncarniliank1@weather.com
Genny|Skpsey|true|19-10-2020|10-03-1987|gskpseyk2@meetup.com
Nyssa|Haig|false|01-05-2021|23-02-1977|nhaigk3@earthlink.net
Eada|Honisch|true|22-08-2020|10-01-1970|ehonischk4@dmoz.org
Natka|Einchcombe|false|17-03-2021|26-07-1966|neinchcombek5@squidoo.com
Petronille|Dri|false|28-08-2020|24-10-1968|pdrik6@canalblog.com
Garrick|Tuckerman|true|28-11-2020|07-06-1990|gtuckermank7@ovh.net
Greg|Mowbray|true|16-12-2020|03-03-1976|gmowbrayk8@cnet.com
Neala|Pohl|true|11-11-2021|28-09-1965|npohlk9@salon.com
Johnnie|Dockerty|true|27-06-2021|21-11-1973|jdockertyka@dot.gov
Tadio|Ramble|false|03-12-2020|18-10-1975|tramblekb@answers.com
Duane|Pughsley|false|21-07-2021|28-07-1985|dpughsleykc@com.com
Ilaire|Eardley|false|29-12-2021|24-06-1990|ieardleykd@admin.ch
Maryann|Brogini|false|26-02-2021|30-11-1971|mbroginike@ucla.edu
Lalo|Dwane|false|11-11-2020|29-08-1984|ldwanekf@taobao.com
Gwendolen|Whittall|false|10-12-2020|24-03-1990|gwhittallkg@shutterfly.com
Steffie|Abbie|true|21-08-2020|06-09-1983|sabbiekh@freewebs.com
Ansley|Scroggins|false|22-12-2021|10-07-1978|ascrogginski@nymag.com
Daloris|Lissimore|true|10-06-2021|13-03-1994|dlissimorekj@apache.org
Laverne|Moseby|true|21-07-2021|14-07-1968|lmosebykk@ucsd.edu
Aridatha|Laurie|false|20-09-2020|28-05-1978|alauriekl@umn.edu
Fionna|Royds|true|28-12-2021|15-03-1991|froydskm@youku.com
Roch|Pylkynyton|true|13-11-2020|30-10-1967|rpylkynytonkn@hao123.com
Roselin|Maulden|false|11-01-2021|29-07-1993|rmauldenko@npr.org
Levin|Kasman|true|11-06-2021|10-10-1960|lkasmankp@moonfruit.com
Daniella|Hindge|false|09-07-2020|05-11-1977|dhindgekq@artisteer.com
Udale|Wittrington|true|23-09-2021|07-04-1983|uwittringtonkr@sciencedaily.com
Bailey|Croan|false|30-11-2021|25-05-1963|bcroanks@cloudflare.com
Kora|Rameaux|false|24-11-2021|19-10-1968|krameauxkt@spotify.com
Leonerd|Key|true|24-12-2020|26-09-1976|lkeyku@wiley.com
Marlene|Truwert|false|03-07-2020|23-12-1985|mtruwertkv@sciencedaily.com
Nikoletta|Pear|false|03-12-2021|29-04-1996|npearkw@bravesites.com
Orsola|Duran|false|28-10-2021|15-05-1989|odurankx@twitpic.com
Giusto|Vedntyev|true|22-07-2020|11-04-1969|gvedntyevky@ovh.net
Ilsa|Buse|true|13-10-2021|02-05-1979|ibusekz@kickstarter.com
Fern|Feathers|false|04-01-2021|31-12-1978|ffeathersl0@nationalgeographic.com
Vitoria|Daouse|true|28-01-2022|18-08-1987|vdaousel1@nhs.uk
Cristy|Penniall|true|14-04-2021|07-05-1989|cpennialll2@ehow.com
Lauretta|Havick|false|13-07-2020|06-12-1961|lhavickl3@hexun.com
Julie|Tebb|false|09-07-2020|09-11-1986|jtebbl4@msn.com
Lenard|Duxbarry|false|11-07-2020|10-09-1988|lduxbarryl5@guardian.co.uk
Marius|Shuard|true|18-08-2021|14-05-1992|mshuardl6@clickbank.net
Giffy|Spino|false|03-07-2020|09-01-1968|gspinol7@epa.gov
Paton|Conochie|true|19-08-2021|24-03-1963|pconochiel8@livejournal.com
Emlen|Gumey|false|19-07-2021|17-11-1990|egumeyl9@youtube.com
Pip|Jonah|true|05-12-2021|24-03-1994|pjonahla@accuweather.com
Edmon|Castanho|false|18-02-2022|22-08-1995|ecastanholb@altervista.org
Sheilah|Grimshaw|false|10-09-2020|11-07-1988|sgrimshawlc@weebly.com
Ladonna|Lavis|true|28-10-2020|04-09-1992|llavisld@chronoengine.com
Shandee|Petrello|true|19-08-2021|13-03-1988|spetrellole@gmpg.org
Katina|Jaouen|true|19-06-2021|09-04-1968|kjaouenlf@cdc.gov
Kalila|Blakesley|true|29-07-2020|15-08-1962|kblakesleylg@ca.gov
Jenni|Tappin|false|06-12-2021|21-08-1965|jtappinlh@discuz.net
Saba|Goaley|false|19-12-2020|21-02-1984|sgoaleyli@nifty.com
Petra|Todari|true|08-12-2021|19-08-1994|ptodarilj@quantcast.com
Blanch|Smitherham|false|12-01-2021|08-06-1981|bsmitherhamlk@usda.gov
Diego|Verty|true|01-09-2020|23-08-1966|dvertyll@home.pl
Honor|Dewing|false|15-10-2021|27-06-1990|hdewinglm@xinhuanet.com
Olwen|Magwood|true|17-07-2021|29-07-1973|omagwoodln@paginegialle.it
Clementia|Reinisch|true|21-01-2022|27-09-1982|creinischlo@cdbaby.com
Ilysa|Youdell|false|03-01-2022|14-10-1962|iyoudelllp@tripadvisor.com
Berke|Phizackarley|false|11-10-2020|30-08-1986|bphizackarleylq@cargocollective.com
Ally|Allnatt|false|07-08-2021|15-09-1965|aallnattlr@usgs.gov
Amabelle|Rylands|true|05-03-2021|25-09-1999|arylandsls@netvibes.com
Rinaldo|Giraudy|true|03-02-2021|12-08-1987|rgiraudylt@ca.gov
Nadeen|Woollin|false|09-02-2021|29-09-1983|nwoollinlu@clickbank.net
Torr|Sebert|false|09-09-2021|22-06-1982|tsebertlv@indiatimes.com
Nikaniki|Cowden|true|21-11-2020|01-06-1975|ncowdenlw@elegantthemes.com
Gleda|Bate|true|21-01-2022|17-12-1971|gbatelx@nhs.uk
Appolonia|Rudgerd|false|27-07-2020|16-11-1981|arudgerdly@ed.gov
Lavena|Gaynor|false|19-02-2022|17-06-1993|lgaynorlz@gravatar.com
Kylen|Slainey|false|13-04-2021|17-05-1978|kslaineym0@naver.com
Danice|Dayce|true|06-09-2021|26-06-1998|ddaycem1@google.ru
Jocelyn|Southernwood|true|01-05-2021|21-10-1980|jsouthernwoodm2@cargocollective.com
Erminia|Gonnard|false|21-02-2021|16-03-1995|egonnardm3@rediff.com
Jenica|Voak|true|21-08-2020|03-08-1968|jvoakm4@ucoz.com
Noni|Bofield|false|25-10-2020|26-09-1971|nbofieldm5@theguardian.com
Flint|Renneke|false|18-01-2022|19-07-1978|frennekem6@archive.org
Isadore|Goracci|false|03-12-2021|11-08-1983|igoraccim7@wp.com
Constancy|Anwell|false|15-03-2021|05-11-1981|canwellm8@shutterfly.com
Shaylah|Iwanowski|false|21-01-2022|06-03-1996|siwanowskim9@ebay.com
Vladamir|Truscott|false|22-11-2020|04-03-1982|vtruscottma@freewebs.com
Valeda|Brisco|true|10-08-2021|02-10-1996|vbriscomb@baidu.com
Kelwin|Bleakman|true|30-03-2021|24-07-1963|kbleakmanmc@japanpost.jp
Josie|Coulthard|false|22-04-2021|12-07-1965|jcoulthardmd@ask.com
Irvin|Whannel|true|14-08-2021|13-01-1998|iwhannelme@usnews.com
Janina|Leetham|false|04-09-2020|21-07-1967|jleethammf@gov.uk
Meghann|Nalder|false|11-08-2020|05-04-1989|mnaldermg@zdnet.com
Duke|Fitzgerald|true|27-09-2021|04-07-1986|dfitzgeraldmh@mozilla.org
Sarita|Strettell|true|19-05-2021|23-09-1972|sstrettellmi@tuttocitta.it
Iris|Ouldcott|true|13-05-2021|31-05-1990|iouldcottmj@marketwatch.com
Donni|Mico|true|03-05-2021|15-01-1997|dmicomk@mozilla.org
Shannan|Clough|true|10-05-2021|18-09-1968|scloughml@webs.com
Darci|Creedland|true|13-03-2021|02-04-1988|dcreedlandmm@ezinearticles.com
Teresina|Klimushev|true|18-10-2021|25-05-1989|tklimushevmn@bbc.co.uk
Kary|Simonnin|false|04-09-2020|21-03-1969|ksimonninmo@ifeng.com
Hamlen|Giannini|false|24-09-2020|30-07-1976|hgianninimp@google.es
Koral|Bourhill|true|12-10-2021|13-10-1992|kbourhillmq@xinhuanet.com
Bailie|McGerraghty|true|19-04-2021|21-09-1971|bmcgerraghtymr@hc360.com
Harmonia|Tryhorn|false|09-11-2020|05-07-1987|htryhornms@vistaprint.com
Lisha|Regan|false|15-01-2022|19-01-1990|lreganmt@php.net
Didi|Allmen|false|30-12-2021|27-11-1982|dallmenmu@phoca.cz
Gabriella|Southam|false|26-06-2020|17-02-1979|gsouthammv@canalblog.com
Timothea|Kemsley|true|12-05-2021|26-01-1968|tkemsleymw@prweb.com
Jarred|Facey|false|19-07-2021|16-02-1965|jfaceymx@timesonline.co.uk
Blair|Roddam|false|20-11-2020|03-04-1989|broddammy@scientificamerican.com
Abdul|Frears|true|18-02-2021|26-04-1979|afrearsmz@netscape.com
Anneliese|Silverton|true|22-09-2021|02-03-1977|asilvertonn0@icq.com
Fairleigh|Murt|true|15-08-2021|11-01-1981|fmurtn1@phoca.cz
Rhoda|Yurocjhin|false|16-08-2021|21-11-1991|ryurocjhinn2@forbes.com
Felecia|Gue|false|30-03-2021|29-07-1960|fguen3@howstuffworks.com
Sheilakathryn|Paoletti|true|25-09-2021|30-04-1999|spaolettin4@washington.edu
Thomasina|Tzar|false|17-07-2020|03-05-1977|ttzarn5@comsenz.com
Kimberlee|Stoop|true|10-10-2021|22-04-1961|kstoopn6@netvibes.com
Cordula|Prinett|true|21-09-2021|13-05-1982|cprinettn7@ehow.com
Kalila|Auguste|false|05-07-2020|08-03-1975|kaugusten8@ftc.gov
Davon|Darbon|true|23-01-2021|26-08-1970|ddarbonn9@hc360.com
Jerrie|Sanham|false|16-09-2021|06-11-1981|jsanhamna@technorati.com
Rodge|O'Ruane|true|10-09-2021|21-10-1962|roruanenb@time.com
Layla|Fiddymont|false|28-02-2021|31-08-1978|lfiddymontnc@narod.ru
Corinna|De Antoni|true|28-09-2021|10-05-1972|cdeantonind@hc360.com
Rustin|Shenton|true|11-02-2022|23-06-1994|rshentonne@scribd.com
Nicolas|Devin|true|09-10-2020|10-02-1963|ndevinnf@sciencedirect.com
Agata|Esp|true|03-03-2021|08-02-1973|aespng@reuters.com
Cortney|Hallatt|true|04-08-2021|02-07-1964|challattnh@cnn.com
Inna|Caught|true|06-07-2020|11-07-1997|icaughtni@yale.edu
Shelton|Dunford|true|15-10-2020|18-03-1964|sdunfordnj@npr.org
Terrie|Cosgry|false|26-06-2021|07-08-1970|tcosgrynk@vk.com
Correy|Kirkhouse|false|22-09-2021|23-11-1971|ckirkhousenl@blinklist.com
Tabor|Brafield|false|19-07-2021|22-09-1985|tbrafieldnm@shutterfly.com
Pedro|Linzey|true|14-06-2021|19-06-1972|plinzeynn@walmart.com
Marin|Moncreif|false|06-02-2021|19-06-1975|mmoncreifno@blogtalkradio.com
Evelyn|Wilshere|false|05-05-2021|18-09-1967|ewilsherenp@china.com.cn
Caresa|Blackmuir|true|20-12-2021|11-10-1992|cblackmuirnq@sourceforge.net
Gabey|Cearley|false|05-06-2021|26-06-1983|gcearleynr@google.com.br
Susan|Beadell|false|17-10-2021|29-02-1988|sbeadellns@adobe.com
Deborah|Robeson|false|06-08-2020|15-09-1976|drobesonnt@un.org
Pat|MacLucais|true|17-01-2021|11-02-1975|pmaclucaisnu@about.me
Allyce|Richichi|false|18-01-2021|14-04-1994|arichichinv@who.int
Faythe|Patullo|true|05-03-2022|31-08-1962|fpatullonw@prlog.org
Ansel|Andreutti|true|13-06-2021|19-11-1978|aandreuttinx@flavors.me
Peirce|Bartlam|true|30-11-2021|26-06-1963|pbartlamny@miibeian.gov.cn
Zack|Sunshine|true|17-02-2022|23-06-1999|zsunshinenz@netvibes.com
Corri|Renvoise|false|09-10-2021|25-03-1994|crenvoiseo0@addtoany.com
Marcela|Cousans|true|13-10-2020|06-10-1984|mcousanso1@fda.gov
Edgar|Mowat|false|12-03-2021|12-02-1992|emowato2@tinypic.com
Cathe|Heining|true|04-01-2022|26-11-1978|cheiningo3@webeden.co.uk
Alica|Seakings|true|22-12-2020|15-12-1993|aseakingso4@so-net.ne.jp
Aveline|Oldfield|true|03-10-2021|28-02-1993|aoldfieldo5@sohu.com
Dion|Foreman|false|10-06-2020|16-05-1971|dforemano6@posterous.com
Isahella|Challen|false|05-10-2021|09-09-1980|ichalleno7@ted.com
Grantham|Covotti|false|10-11-2020|31-05-1990|gcovottio8@arizona.edu
Willie|Demeza|true|26-03-2021|12-06-1977|wdemezao9@myspace.com
Moise|Habbema|true|26-02-2022|27-11-1996|mhabbemaoa@deviantart.com
Hynda|Brazenor|true|25-10-2020|21-01-1994|hbrazenorob@tripod.com
Cecilio|Hurdedge|true|15-10-2020|03-12-1996|churdedgeoc@amazon.com
Shayna|Allaway|true|08-06-2021|10-10-1985|sallawayod@posterous.com
Allegra|Roddan|false|07-10-2020|20-05-1969|aroddanoe@deliciousdays.com
Perry|Berthome|true|05-06-2020|05-07-1992|pberthomeof@senate.gov
Ethelda|Pleasaunce|false|19-03-2021|19-11-1967|epleasaunceog@phoca.cz
Letty|Burhill|true|29-05-2021|07-02-1962|lburhilloh@cnbc.com
Thaine|Mercer|true|15-02-2021|07-02-2000|tmerceroi@zdnet.com
Fanya|Sennett|false|14-08-2021|29-12-1961|fsennettoj@storify.com
Alard|Dominka|true|30-10-2020|26-09-1980|adominkaok@gov.uk
Matthus|Davidove|true|06-09-2020|24-02-1962|mdavidoveol@t-online.de
Gran|Topaz|false|20-02-2022|24-02-1968|gtopazom@yale.edu
Sharron|Barlas|false|22-12-2020|10-12-1990|sbarlason@w3.org
Hadleigh|Stelli|true|14-12-2020|02-09-1963|hstellioo@indiatimes.com
Blakelee|Edward|false|02-09-2021|06-04-1978|bedwardop@lulu.com
Brana|Rubin|false|16-12-2020|03-01-1993|brubinoq@google.co.jp
Ralph|Leathe|false|18-11-2020|29-04-1981|rleatheor@springer.com
Kirby|Swales|true|17-11-2021|12-09-1961|kswalesos@privacy.gov.au
Anthiathia|Oppery|true|29-11-2021|21-11-1990|aopperyot@ucoz.com
Cookie|De Francisci|true|12-01-2021|09-08-1967|cdefrancisciou@amazonaws.com
Zilvia|Westgate|false|03-10-2021|24-04-1966|zwestgateov@google.cn
Amii|Laidler|true|15-11-2021|14-01-1992|alaidlerow@comsenz.com
Katharina|Bathoe|false|28-01-2022|20-12-1993|kbathoeox@printfriendly.com
Friedrick|Baldacchi|false|24-02-2022|23-11-1977|fbaldacchioy@shinystat.com
Ethelbert|Gonzalvo|false|11-08-2021|15-12-1998|egonzalvooz@google.de
Gill|Doughartie|false|14-01-2022|06-06-1985|gdoughartiep0@epa.gov
Korie|Van der Velden|true|04-07-2020|09-08-1989|kvanderveldenp1@123-reg.co.uk
Jewel|Gallehawk|false|04-10-2021|24-03-1989|jgallehawkp2@netvibes.com
Madlen|Swaile|true|31-07-2020|12-12-1974|mswailep3@wufoo.com
Margalit|Yeowell|true|17-11-2021|25-07-1990|myeowellp4@archive.org
Briano|Wenham|true|16-07-2021|30-05-1983|bwenhamp5@google.pl
Neda|Newart|true|31-08-2021|09-02-1962|nnewartp6@geocities.jp
Lorilyn|Dole|false|29-05-2021|14-02-1971|ldolep7@google.pl
Ogdan|Thomann|true|19-11-2021|03-09-1993|othomannp8@unc.edu
Susanetta|Heller|true|23-05-2021|09-09-1989|shellerp9@elpais.com
Osbourn|Crady|false|26-08-2020|12-01-1988|ocradypa@nature.com
Hubert|Dobbins|false|16-07-2021|23-06-1986|hdobbinspb@taobao.com
Faustina|Wincer|true|24-01-2022|09-10-1977|fwincerpc@addtoany.com
Aeriell|Dufour|false|17-10-2020|11-08-1991|adufourpd@columbia.edu
Gayla|Cliff|true|15-01-2021|27-03-1981|gcliffpe@wordpress.com
Adele|Spragg|true|20-09-2020|19-03-1968|aspraggpf@canalblog.com
Gregory|Speechly|false|10-01-2022|23-08-1995|gspeechlypg@upenn.edu
Nina|Sale|false|20-10-2020|23-10-1962|nsaleph@i2i.jp
Delano|Carloni|false|22-09-2021|02-12-1996|dcarlonipi@ameblo.jp
Odille|Spirritt|true|06-01-2022|27-06-1970|ospirrittpj@t.co
Major|Blainey|false|30-10-2020|06-07-1983|mblaineypk@pcworld.com
Trever|Jellard|false|03-08-2021|05-06-1976|tjellardpl@exblog.jp
Wallie|Esom|false|13-08-2021|23-01-1997|wesompm@lycos.com
Raff|Lacelett|true|11-09-2021|17-06-1961|rlacelettpn@discuz.net
Ody|Job|false|02-06-2020|22-07-1995|ojobpo@networksolutions.com
Lanna|Erett|true|30-06-2020|30-03-1974|lerettpp@list-manage.com
Torrance|Meadway|true|25-11-2021|09-01-1962|tmeadwaypq@tiny.cc
Arty|Goretti|true|11-03-2021|18-10-1963|agorettipr@cmu.edu
Merwin|Lanyon|false|28-08-2020|28-03-1999|mlanyonps@cloudflare.com
Rochette|Facer|false|27-09-2021|12-10-1961|rfacerpt@mashable.com
Sheelagh|Snoding|false|22-04-2021|31-10-1962|ssnodingpu@blogspot.com
Eadith|Bellhanger|true|24-02-2021|12-02-1989|ebellhangerpv@naver.com
Brooks|Burd|false|09-12-2020|05-02-1961|bburdpw@ucoz.com
Zitella|Lockwood|true|16-08-2021|04-08-1963|zlockwoodpx@cnet.com
Astrix|Pirrone|true|05-05-2021|28-04-1974|apirronepy@auda.org.au
Benjy|Coare|true|24-03-2021|18-01-1965|bcoarepz@t-online.de
Betty|Ham|false|29-08-2020|13-05-1989|bhamq0@ucsd.edu
Bernelle|Don|true|08-07-2021|20-05-1992|bdonq1@miibeian.gov.cn
Lazarus|Scarrott|false|05-10-2020|06-11-1971|lscarrottq2@woothemes.com
Ian|Blinerman|true|19-10-2020|30-01-1986|iblinermanq3@blog.com
Arny|Craisford|false|01-06-2020|11-03-1998|acraisfordq4@constantcontact.com
Lanni|Collumbell|true|28-06-2020|14-02-1977|lcollumbellq5@bravesites.com
Jarred|Ivic|false|09-09-2021|04-09-1978|jivicq6@liveinternet.ru
Levy|Hatfull|false|11-12-2020|27-04-1987|lhatfullq7@springer.com
Aube|Bushell|true|08-10-2020|03-07-1974|abushellq8@sfgate.com
Abramo|Fullman|true|17-06-2020|31-05-1991|afullmanq9@live.com
Sander|Remmer|true|21-11-2020|16-04-1961|sremmerqa@prlog.org
Desiree|Trotman|false|19-08-2020|11-06-1966|dtrotmanqb@businessinsider.com
Vail|Dougal|false|04-02-2021|20-08-1994|vdougalqc@springer.com
Vida|Budding|true|06-09-2020|21-04-1968|vbuddingqd@jimdo.com
Lilly|Aldwich|false|29-10-2020|02-02-1972|laldwichqe@ocn.ne.jp
Artie|Battle|false|31-03-2021|23-01-2000|abattleqf@stanford.edu
Xenos|Pimblott|true|15-05-2021|05-08-1993|xpimblottqg@jugem.jp
Rosie|Lassetter|false|19-08-2020|28-05-1976|rlassetterqh@unblog.fr
Stanislaw|Hollier|true|18-04-2021|20-09-1973|shollierqi@delicious.com
Pia|Rushby|false|14-07-2021|18-08-1990|prushbyqj@oaic.gov.au
Tibold|Penrith|false|03-08-2020|02-12-1976|tpenrithqk@go.com
Mariel|Titterrell|true|23-07-2021|31-07-1979|mtitterrellql@trellian.com
Magdalene|Ruckert|true|14-09-2020|06-06-1976|mruckertqm@flickr.com
Willy|Piggford|false|31-01-2022|15-02-1987|wpiggfordqn@shutterfly.com
Hanna|Etty|false|12-09-2020|15-10-1961|hettyqo@pen.io
Ardelia|McClinton|false|15-05-2021|04-05-1961|amcclintonqp@photobucket.com
Vivienne|Teare|false|02-08-2020|22-09-1998|vteareqq@ycombinator.com
Karine|Janicek|true|27-11-2020|24-04-1964|kjanicekqr@issuu.com
Helen|Landis|true|24-04-2021|27-11-1971|hlandisqs@cocolog-nifty.com
Quintilla|Drewson|false|01-11-2020|20-02-1968|qdrewsonqt@chron.com
Garold|Byforth|true|10-01-2021|07-06-1973|gbyforthqu@bizjournals.com
Timothee|Darell|true|24-10-2021|03-10-1994|tdarellqv@hexun.com
Carr|Simonnot|false|18-12-2021|12-04-1981|csimonnotqw@mail.ru
Cele|Casely|true|04-08-2020|28-06-1982|ccaselyqx@irs.gov
Benoite|De Roberto|true|28-12-2020|08-07-1962|bderobertoqy@eepurl.com
Farleigh|Veronique|true|14-10-2020|20-12-1988|fveroniqueqz@cloudflare.com
Averil|Olsson|true|05-03-2022|20-02-1977|aolssonr0@scribd.com
Kurt|Lambeth|true|05-03-2021|30-10-1961|klambethr1@furl.net
Thia|Ruddock|false|24-08-2021|29-10-1987|truddockr2@de.vu
Chip|Leatham|true|02-09-2021|02-05-1992|cleathamr3@upenn.edu
Stacy|Astell|false|12-10-2020|29-10-1991|sastellr4@1688.com
Betsy|Hundley|true|09-06-2021|14-03-1965|bhundleyr5@t-online.de
Haily|Nelthorpe|false|08-08-2021|14-08-1986|hnelthorper6@lycos.com
Aubrie|Moyes|false|18-07-2021|07-05-1991|amoyesr7@intel.com
Pru|Dakhov|false|19-07-2021|04-11-1987|pdakhovr8@earthlink.net
Pascale|Massen|true|24-03-2021|10-08-1981|pmassenr9@shutterfly.com
Augie|Millership|true|17-10-2021|24-12-1997|amillershipra@merriam-webster.com
Emiline|Lathey|false|01-06-2021|20-04-1987|elatheyrb@cbsnews.com
Sly|Bernhardsson|false|25-10-2021|26-02-1998|sbernhardssonrc@free.fr
Jena|Felix|false|14-04-2021|06-11-1966|jfelixrd@zdnet.com
Scotti|Lorne|false|04-09-2020|01-03-2000|slornere@meetup.com
Judi|Mongin|false|27-12-2021|05-09-1961|jmonginrf@blogtalkradio.com
Carolee|Cosser|false|21-06-2021|12-11-1998|ccosserrg@google.ca
Elfreda|McPharlain|true|19-06-2021|05-04-1999|emcpharlainrh@lycos.com
Arvin|Sich|true|08-07-2020|11-12-1963|asichri@technorati.com
Lonnie|Bischoff|true|19-07-2021|13-07-1965|lbischoffrj@newyorker.com
Willi|Overstall|true|04-11-2020|22-07-1960|woverstallrk@toplist.cz
Boone|Bevar|false|31-03-2021|02-06-1965|bbevarrl@google.com.br
Brittany|Alyutin|false|03-08-2021|25-01-1977|balyutinrm@berkeley.edu
Gina|Lindbergh|false|03-06-2021|18-01-1984|glindberghrn@dmoz.org
Harrietta|Romanski|true|20-02-2022|21-02-1967|hromanskiro@google.com.br
Pat|Aiken|true|24-03-2021|29-06-1974|paikenrp@hatena.ne.jp
Bunnie|Sweedland|false|07-07-2021|15-10-1991|bsweedlandrq@so-net.ne.jp
Cecily|Mea|false|30-10-2021|28-11-1964|cmearr@vistaprint.com
